,model_name,hyperparameter_setting,mean_training_rmse,sd_training_rmse,test_rmse
0,DTR,5,2.3463926998009694,8.231650189890363,22.47287675938896
1,DTR,10,2.203685167208909,7.158945445510616,22.178654961963623
2,DTR,20,1.7581603834529478,5.24348742833546,22.051387380531587
